Comuna,Nro.Voto,Nro Región,Votos
ALGARROBO,1.0,5,1978
ALGARROBO,2.0,5,2877
ALGARROBO,3.0,5,817
ALGARROBO,4.0,5,1352
ALGARROBO,5.0,5,90
ALGARROBO,6.0,5,472
ALGARROBO,7.0,5,568
ALHUE,1.0,13,636
ALHUE,2.0,13,467
ALHUE,3.0,13,520
ALHUE,4.0,13,320
ALHUE,5.0,13,31
ALHUE,6.0,13,151
ALHUE,7.0,13,352
ALTO BIOBIO,1.0,8,377
ALTO BIOBIO,2.0,8,502
ALTO BIOBIO,3.0,8,399
ALTO BIOBIO,4.0,8,155
ALTO BIOBIO,5.0,8,40
ALTO BIOBIO,6.0,8,119
ALTO BIOBIO,7.0,8,255
ALTO DEL CARMEN,1.0,3,260
ALTO DEL CARMEN,2.0,3,265
ALTO DEL CARMEN,3.0,3,891
ALTO DEL CARMEN,4.0,3,87
ALTO DEL CARMEN,5.0,3,11
ALTO DEL CARMEN,6.0,3,56
ALTO DEL CARMEN,7.0,3,365
ALTO HOSPICIO,1.0,1,3183
ALTO HOSPICIO,2.0,1,5860
ALTO HOSPICIO,3.0,1,2212
ALTO HOSPICIO,4.0,1,1212
ALTO HOSPICIO,5.0,1,263
ALTO HOSPICIO,6.0,1,1712
ALTO HOSPICIO,7.0,1,9884
ANCUD,1.0,10,3793
ANCUD,2.0,10,4372
ANCUD,3.0,10,2350
ANCUD,4.0,10,1827
ANCUD,5.0,10,230
ANCUD,6.0,10,938
ANCUD,7.0,10,2120
ANDACOLLO,1.0,4,1181
ANDACOLLO,2.0,4,661
ANDACOLLO,3.0,4,797
ANDACOLLO,4.0,4,307
ANDACOLLO,5.0,4,64
ANDACOLLO,6.0,4,408
ANDACOLLO,7.0,4,1172
ANGOL,1.0,9,2807
ANGOL,2.0,9,9982
ANGOL,3.0,9,2197
ANGOL,4.0,9,2021
ANGOL,5.0,9,153
ANGOL,6.0,9,940
ANGOL,7.0,9,3070
ANTARTICA,1.0,12,4
ANTARTICA,2.0,12,34
ANTARTICA,3.0,12,1
ANTARTICA,4.0,12,2
ANTARTICA,5.0,12,0
ANTARTICA,6.0,12,2
ANTARTICA,7.0,12,4
ANTOFAGASTA,1.0,2,28152
ANTOFAGASTA,2.0,2,27263
ANTOFAGASTA,3.0,2,10143
ANTOFAGASTA,4.0,2,9976
ANTOFAGASTA,5.0,2,1635
ANTOFAGASTA,6.0,2,8870
ANTOFAGASTA,7.0,2,36308
ANTUCO,1.0,8,245
ANTUCO,2.0,8,547
ANTUCO,3.0,8,332
ANTUCO,4.0,8,210
ANTUCO,5.0,8,17
ANTUCO,6.0,8,91
ANTUCO,7.0,8,400
ARAUCO,1.0,8,2203
ARAUCO,2.0,8,4983
ARAUCO,3.0,8,1687
ARAUCO,4.0,8,1138
ARAUCO,5.0,8,123
ARAUCO,6.0,8,862
ARAUCO,7.0,8,3366
ARICA,1.0,15,14763
ARICA,2.0,15,24070
ARICA,3.0,15,7921
ARICA,4.0,15,6020
ARICA,5.0,15,952
ARICA,6.0,15,4536
ARICA,7.0,15,23034
AYSEN,1.0,11,2188
AYSEN,2.0,11,2314
AYSEN,3.0,11,1396
AYSEN,4.0,11,716
AYSEN,5.0,11,126
AYSEN,6.0,11,551
AYSEN,7.0,11,1664
BUIN,1.0,13,10500
BUIN,2.0,13,11635
BUIN,3.0,13,3809
BUIN,4.0,13,4609
BUIN,5.0,13,513
BUIN,6.0,13,3189
BUIN,7.0,13,5237
BULNES,1.0,16,1265
BULNES,2.0,16,3045
BULNES,3.0,16,1456
BULNES,4.0,16,1273
BULNES,5.0,16,79
BULNES,6.0,16,458
BULNES,7.0,16,965
CABILDO,1.0,5,2322
CABILDO,2.0,5,1437
CABILDO,3.0,5,1258
CABILDO,4.0,5,663
CABILDO,5.0,5,100
CABILDO,6.0,5,680
CABILDO,7.0,5,1308
CABO DE HORNOS(EX-NAVARINO),1.0,12,189
CABO DE HORNOS(EX-NAVARINO),2.0,12,421
CABO DE HORNOS(EX-NAVARINO),3.0,12,74
CABO DE HORNOS(EX-NAVARINO),4.0,12,63
CABO DE HORNOS(EX-NAVARINO),5.0,12,10
CABO DE HORNOS(EX-NAVARINO),6.0,12,28
CABO DE HORNOS(EX-NAVARINO),7.0,12,82
CABRERO,1.0,8,1309
CABRERO,2.0,8,3698
CABRERO,3.0,8,1279
CABRERO,4.0,8,942
CABRERO,5.0,8,74
CABRERO,6.0,8,691
CABRERO,7.0,8,2771
CALAMA,1.0,2,8984
CALAMA,2.0,2,11688
CALAMA,3.0,2,4912
CALAMA,4.0,2,3589
CALAMA,5.0,2,595
CALAMA,6.0,2,3910
CALAMA,7.0,2,23638
CALBUCO,1.0,10,2162
CALBUCO,2.0,10,3388
CALBUCO,3.0,10,1432
CALBUCO,4.0,10,1099
CALBUCO,5.0,10,154
CALBUCO,6.0,10,710
CALBUCO,7.0,10,2208
CALDERA,1.0,3,1516
CALDERA,2.0,3,1263
CALDERA,3.0,3,1680
CALDERA,4.0,3,440
CALDERA,5.0,3,105
CALDERA,6.0,3,458
CALDERA,7.0,3,1741
CALERA,1.0,5,5607
CALERA,2.0,5,4012
CALERA,3.0,5,2027
CALERA,4.0,5,2066
CALERA,5.0,5,276
CALERA,6.0,5,2442
CALERA,7.0,5,4967
CALERA DE TANGO,1.0,13,2586
CALERA DE TANGO,2.0,13,3596
CALERA DE TANGO,3.0,13,1067
CALERA DE TANGO,4.0,13,1693
CALERA DE TANGO,5.0,13,115
CALERA DE TANGO,6.0,13,693
CALERA DE TANGO,7.0,13,754
CALLE LARGA,1.0,5,1304
CALLE LARGA,2.0,5,1365
CALLE LARGA,3.0,5,942
CALLE LARGA,4.0,5,736
CALLE LARGA,5.0,5,91
CALLE LARGA,6.0,5,620
CALLE LARGA,7.0,5,1243
CAMARONES,1.0,15,111
CAMARONES,2.0,15,252
CAMARONES,3.0,15,195
CAMARONES,4.0,15,57
CAMARONES,5.0,15,6
CAMARONES,6.0,15,53
CAMARONES,7.0,15,375
CAMIÑA,1.0,1,60
CAMIÑA,2.0,1,384
CAMIÑA,3.0,1,47
CAMIÑA,4.0,1,31
CAMIÑA,5.0,1,3
CAMIÑA,6.0,1,16
CAMIÑA,7.0,1,328
CANELA,1.0,4,1161
CANELA,2.0,4,663
CANELA,3.0,4,851
CANELA,4.0,4,294
CANELA,5.0,4,46
CANELA,6.0,4,134
CANELA,7.0,4,679
CARAHUE,1.0,9,1226
CARAHUE,2.0,9,3976
CARAHUE,3.0,9,1748
CARAHUE,4.0,9,955
CARAHUE,5.0,9,113
CARAHUE,6.0,9,497
CARAHUE,7.0,9,944
CARTAGENA,1.0,5,2188
CARTAGENA,2.0,5,2321
CARTAGENA,3.0,5,1173
CARTAGENA,4.0,5,971
CARTAGENA,5.0,5,158
CARTAGENA,6.0,5,1040
CARTAGENA,7.0,5,877
CASABLANCA,1.0,5,2850
CASABLANCA,2.0,5,3330
CASABLANCA,3.0,5,1254
CASABLANCA,4.0,5,1386
CASABLANCA,5.0,5,151
CASABLANCA,6.0,5,768
CASABLANCA,7.0,5,1081
CASTRO,1.0,10,4868
CASTRO,2.0,10,4448
CASTRO,3.0,10,2414
CASTRO,4.0,10,1868
CASTRO,5.0,10,320
CASTRO,6.0,10,954
CASTRO,7.0,10,2733
CATEMU,1.0,5,1220
CATEMU,2.0,5,990
CATEMU,3.0,5,663
CATEMU,4.0,5,591
CATEMU,5.0,5,47
CATEMU,6.0,5,483
CATEMU,7.0,5,1142
CAUQUENES,1.0,7,1999
CAUQUENES,2.0,7,7100
CAUQUENES,3.0,7,1967
CAUQUENES,4.0,7,2379
CAUQUENES,5.0,7,113
CAUQUENES,6.0,7,762
CAUQUENES,7.0,7,1311
CAÑETE,1.0,8,1742
CAÑETE,2.0,8,6296
CAÑETE,3.0,8,1457
CAÑETE,4.0,8,894
CAÑETE,5.0,8,157
CAÑETE,6.0,8,571
CAÑETE,7.0,8,1361
CERRILLOS,1.0,13,9611
CERRILLOS,2.0,13,7195
CERRILLOS,3.0,13,2983
CERRILLOS,4.0,13,3802
CERRILLOS,5.0,13,595
CERRILLOS,6.0,13,3530
CERRILLOS,7.0,13,2993
CERRO NAVIA,1.0,13,15350
CERRO NAVIA,2.0,13,8802
CERRO NAVIA,3.0,13,5813
CERRO NAVIA,4.0,13,4618
CERRO NAVIA,5.0,13,1435
CERRO NAVIA,6.0,13,7016
CERRO NAVIA,7.0,13,5404
CHAITEN,1.0,10,291
CHAITEN,2.0,10,555
CHAITEN,3.0,10,304
CHAITEN,4.0,10,149
CHAITEN,5.0,10,11
CHAITEN,6.0,10,69
CHAITEN,7.0,10,126
CHANCO,1.0,7,462
CHANCO,2.0,7,1719
CHANCO,3.0,7,583
CHANCO,4.0,7,391
CHANCO,5.0,7,16
CHANCO,6.0,7,140
CHANCO,7.0,7,235
CHAÑARAL,1.0,3,1053
CHAÑARAL,2.0,3,702
CHAÑARAL,3.0,3,1273
CHAÑARAL,4.0,3,278
CHAÑARAL,5.0,3,51
CHAÑARAL,6.0,3,263
CHAÑARAL,7.0,3,1249
CHEPICA,1.0,6,925
CHEPICA,2.0,6,1559
CHEPICA,3.0,6,841
CHEPICA,4.0,6,853
CHEPICA,5.0,6,34
CHEPICA,6.0,6,338
CHEPICA,7.0,6,586
CHIGUAYANTE,1.0,8,8106
CHIGUAYANTE,2.0,8,9099
CHIGUAYANTE,3.0,8,3892
CHIGUAYANTE,4.0,8,4075
CHIGUAYANTE,5.0,8,491
CHIGUAYANTE,6.0,8,2738
CHIGUAYANTE,7.0,8,5928
CHILE CHICO,1.0,11,601
CHILE CHICO,2.0,11,488
CHILE CHICO,3.0,11,332
CHILE CHICO,4.0,11,173
CHILE CHICO,5.0,11,26
CHILE CHICO,6.0,11,86
CHILE CHICO,7.0,11,184
CHILLAN,1.0,16,14744
CHILLAN,2.0,16,24290
CHILLAN,3.0,16,9009
CHILLAN,4.0,16,9421
CHILLAN,5.0,16,703
CHILLAN,6.0,16,3914
CHILLAN,7.0,16,9349
CHILLAN VIEJO,1.0,16,1894
CHILLAN VIEJO,2.0,16,3694
CHILLAN VIEJO,3.0,16,1546
CHILLAN VIEJO,4.0,16,1308
CHILLAN VIEJO,5.0,16,101
CHILLAN VIEJO,6.0,16,822
CHILLAN VIEJO,7.0,16,1728
CHIMBARONGO,1.0,6,2540
CHIMBARONGO,2.0,6,3464
CHIMBARONGO,3.0,6,1980
CHIMBARONGO,4.0,6,1797
CHIMBARONGO,5.0,6,122
CHIMBARONGO,6.0,6,980
CHIMBARONGO,7.0,6,2337
CHOLCHOL,1.0,9,789
CHOLCHOL,2.0,9,1820
CHOLCHOL,3.0,9,780
CHOLCHOL,4.0,9,549
CHOLCHOL,5.0,9,86
CHOLCHOL,6.0,9,355
CHOLCHOL,7.0,9,822
CHONCHI,1.0,10,1209
CHONCHI,2.0,10,1194
CHONCHI,3.0,10,975
CHONCHI,4.0,10,498
CHONCHI,5.0,10,96
CHONCHI,6.0,10,280
CHONCHI,7.0,10,1001
CISNES,1.0,11,409
CISNES,2.0,11,764
CISNES,3.0,11,283
CISNES,4.0,11,210
CISNES,5.0,11,23
CISNES,6.0,11,118
CISNES,7.0,11,264
COBQUECURA,1.0,16,460
COBQUECURA,2.0,16,805
COBQUECURA,3.0,16,450
COBQUECURA,4.0,16,414
COBQUECURA,5.0,16,23
COBQUECURA,6.0,16,124
COBQUECURA,7.0,16,266
COCHAMO,1.0,10,284
COCHAMO,2.0,10,646
COCHAMO,3.0,10,181
COCHAMO,4.0,10,197
COCHAMO,5.0,10,19
COCHAMO,6.0,10,69
COCHAMO,7.0,10,148
COCHRANE,1.0,11,357
COCHRANE,2.0,11,428
COCHRANE,3.0,11,264
COCHRANE,4.0,11,176
COCHRANE,5.0,11,12
COCHRANE,6.0,11,49
COCHRANE,7.0,11,101
CODEGUA,1.0,6,1327
CODEGUA,2.0,6,1175
CODEGUA,3.0,6,642
CODEGUA,4.0,6,578
CODEGUA,5.0,6,58
CODEGUA,6.0,6,522
CODEGUA,7.0,6,1008
COELEMU,1.0,16,1077
COELEMU,2.0,16,2711
COELEMU,3.0,16,1417
COELEMU,4.0,16,784
COELEMU,5.0,16,50
COELEMU,6.0,16,405
COELEMU,7.0,16,1138
COIHUECO,1.0,16,1024
COIHUECO,2.0,16,4445
COIHUECO,3.0,16,1330
COIHUECO,4.0,16,1220
COIHUECO,5.0,16,87
COIHUECO,6.0,16,464
COIHUECO,7.0,16,997
COINCO,1.0,6,769
COINCO,2.0,6,946
COINCO,3.0,6,344
COINCO,4.0,6,475
COINCO,5.0,6,24
COINCO,6.0,6,291
COINCO,7.0,6,422
COLBUN,1.0,7,1512
COLBUN,2.0,7,2140
COLBUN,3.0,7,1198
COLBUN,4.0,7,834
COLBUN,5.0,7,76
COLBUN,6.0,7,674
COLBUN,7.0,7,1132
COLCHANE,1.0,1,17
COLCHANE,2.0,1,419
COLCHANE,3.0,1,18
COLCHANE,4.0,1,10
COLCHANE,5.0,1,4
COLCHANE,6.0,1,5
COLCHANE,7.0,1,433
COLINA,1.0,13,7968
COLINA,2.0,13,18095
COLINA,3.0,13,3522
COLINA,4.0,13,9621
COLINA,5.0,13,385
COLINA,6.0,13,3011
COLINA,7.0,13,3995
COLLIPULLI,1.0,9,1119
COLLIPULLI,2.0,9,4949
COLLIPULLI,3.0,9,923
COLLIPULLI,4.0,9,676
COLLIPULLI,5.0,9,89
COLLIPULLI,6.0,9,486
COLLIPULLI,7.0,9,1170
COLTAUCO,1.0,6,1526
COLTAUCO,2.0,6,1880
COLTAUCO,3.0,6,974
COLTAUCO,4.0,6,943
COLTAUCO,5.0,6,74
COLTAUCO,6.0,6,582
COLTAUCO,7.0,6,1139
COMBARBALA,1.0,4,1212
COMBARBALA,2.0,4,885
COMBARBALA,3.0,4,1270
COMBARBALA,4.0,4,377
COMBARBALA,5.0,4,67
COMBARBALA,6.0,4,211
COMBARBALA,7.0,4,937
CONCEPCION,1.0,8,24371
CONCEPCION,2.0,8,30014
CONCEPCION,3.0,8,11041
CONCEPCION,4.0,8,12722
CONCEPCION,5.0,8,1428
CONCEPCION,6.0,8,5754
CONCEPCION,7.0,8,12679
CONCHALI,1.0,13,17619
CONCHALI,2.0,13,10988
CONCHALI,3.0,13,5972
CONCHALI,4.0,13,6008
CONCHALI,5.0,13,1146
CONCHALI,6.0,13,6538
CONCHALI,7.0,13,4787
CONCON,1.0,5,5100
CONCON,2.0,5,9357
CONCON,3.0,5,2029
CONCON,4.0,5,4702
CONCON,5.0,5,222
CONCON,6.0,5,1251
CONCON,7.0,5,2128
CONSTITUCION,1.0,7,2927
CONSTITUCION,2.0,7,4469
CONSTITUCION,3.0,7,2754
CONSTITUCION,4.0,7,2062
CONSTITUCION,5.0,7,188
CONSTITUCION,6.0,7,1188
CONSTITUCION,7.0,7,3860
CONTULMO,1.0,8,330
CONTULMO,2.0,8,1557
CONTULMO,3.0,8,306
CONTULMO,4.0,8,138
CONTULMO,5.0,8,26
CONTULMO,6.0,8,139
CONTULMO,7.0,8,215
COPIAPO,1.0,3,11766
COPIAPO,2.0,3,11840
COPIAPO,3.0,3,10378
COPIAPO,4.0,3,4341
COPIAPO,5.0,3,770
COPIAPO,6.0,3,3207
COPIAPO,7.0,3,13607
COQUIMBO,1.0,4,18946
COQUIMBO,2.0,4,15848
COQUIMBO,3.0,4,7919
COQUIMBO,4.0,4,7477
COQUIMBO,5.0,4,1052
COQUIMBO,6.0,4,5797
COQUIMBO,7.0,4,14955
CORONEL,1.0,8,8256
CORONEL,2.0,8,11599
CORONEL,3.0,8,4787
CORONEL,4.0,8,2766
CORONEL,5.0,8,496
CORONEL,6.0,8,3193
CORONEL,7.0,8,10234
CORRAL,1.0,14,578
CORRAL,2.0,14,556
CORRAL,3.0,14,519
CORRAL,4.0,14,148
CORRAL,5.0,14,22
CORRAL,6.0,14,134
CORRAL,7.0,14,310
COYHAIQUE,1.0,11,5787
COYHAIQUE,2.0,11,6756
COYHAIQUE,3.0,11,3845
COYHAIQUE,4.0,11,2350
COYHAIQUE,5.0,11,284
COYHAIQUE,6.0,11,1090
COYHAIQUE,7.0,11,2699
CUNCO,1.0,9,1091
CUNCO,2.0,9,3389
CUNCO,3.0,9,1167
CUNCO,4.0,9,779
CUNCO,5.0,9,57
CUNCO,6.0,9,413
CUNCO,7.0,9,961
CURACAUTIN,1.0,9,996
CURACAUTIN,2.0,9,4160
CURACAUTIN,3.0,9,840
CURACAUTIN,4.0,9,605
CURACAUTIN,5.0,9,59
CURACAUTIN,6.0,9,353
CURACAUTIN,7.0,9,657
CURACAVI,1.0,13,3875
CURACAVI,2.0,13,3664
CURACAVI,3.0,13,1661
CURACAVI,4.0,13,1831
CURACAVI,5.0,13,168
CURACAVI,6.0,13,1002
CURACAVI,7.0,13,1238
CURACO DE VELEZ,1.0,10,255
CURACO DE VELEZ,2.0,10,301
CURACO DE VELEZ,3.0,10,291
CURACO DE VELEZ,4.0,10,114
CURACO DE VELEZ,5.0,10,10
CURACO DE VELEZ,6.0,10,57
CURACO DE VELEZ,7.0,10,211
CURANILAHUE,1.0,8,2127
CURANILAHUE,2.0,8,3898
CURANILAHUE,3.0,8,1932
CURANILAHUE,4.0,8,801
CURANILAHUE,5.0,8,157
CURANILAHUE,6.0,8,789
CURANILAHUE,7.0,8,2560
CURARREHUE,1.0,9,548
CURARREHUE,2.0,9,1231
CURARREHUE,3.0,9,333
CURARREHUE,4.0,9,341
CURARREHUE,5.0,9,51
CURARREHUE,6.0,9,125
CURARREHUE,7.0,9,270
CUREPTO,1.0,7,887
CUREPTO,2.0,7,1062
CUREPTO,3.0,7,842
CUREPTO,4.0,7,630
CUREPTO,5.0,7,35
CUREPTO,6.0,7,191
CUREPTO,7.0,7,385
CURICO,1.0,7,12532
CURICO,2.0,7,17171
CURICO,3.0,7,6936
CURICO,4.0,7,7992
CURICO,5.0,7,642
CURICO,6.0,7,4656
CURICO,7.0,7,7855
DALCAHUE,1.0,10,919
DALCAHUE,2.0,10,1086
DALCAHUE,3.0,10,709
DALCAHUE,4.0,10,488
DALCAHUE,5.0,10,67
DALCAHUE,6.0,10,259
DALCAHUE,7.0,10,796
DIEGO DE ALMAGRO,1.0,3,1085
DIEGO DE ALMAGRO,2.0,3,561
DIEGO DE ALMAGRO,3.0,3,987
DIEGO DE ALMAGRO,4.0,3,192
DIEGO DE ALMAGRO,5.0,3,73
DIEGO DE ALMAGRO,6.0,3,244
DIEGO DE ALMAGRO,7.0,3,1486
DOÑIHUE,1.0,6,2293
DOÑIHUE,2.0,6,1975
DOÑIHUE,3.0,6,1009
DOÑIHUE,4.0,6,1085
DOÑIHUE,5.0,6,93
DOÑIHUE,6.0,6,760
DOÑIHUE,7.0,6,1498
EL BOSQUE,1.0,13,18776
EL BOSQUE,2.0,13,13459
EL BOSQUE,3.0,13,7127
EL BOSQUE,4.0,13,6539
EL BOSQUE,5.0,13,1207
EL BOSQUE,6.0,13,7734
EL BOSQUE,7.0,13,6200
EL CARMEN,1.0,16,567
EL CARMEN,2.0,16,2331
EL CARMEN,3.0,16,926
EL CARMEN,4.0,16,649
EL CARMEN,5.0,16,25
EL CARMEN,6.0,16,209
EL CARMEN,7.0,16,395
EL MONTE,1.0,13,3596
EL MONTE,2.0,13,3130
EL MONTE,3.0,13,1764
EL MONTE,4.0,13,1458
EL MONTE,5.0,13,204
EL MONTE,6.0,13,1289
EL MONTE,7.0,13,1890
EL QUISCO,1.0,5,2406
EL QUISCO,2.0,5,2027
EL QUISCO,3.0,5,815
EL QUISCO,4.0,5,1022
EL QUISCO,5.0,5,123
EL QUISCO,6.0,5,677
EL QUISCO,7.0,5,693
EL TABO,1.0,5,2224
EL TABO,2.0,5,1791
EL TABO,3.0,5,840
EL TABO,4.0,5,799
EL TABO,5.0,5,141
EL TABO,6.0,5,759
EL TABO,7.0,5,535
EMPEDRADO,1.0,7,123
EMPEDRADO,2.0,7,855
EMPEDRADO,3.0,7,235
EMPEDRADO,4.0,7,194
EMPEDRADO,5.0,7,6
EMPEDRADO,6.0,7,94
EMPEDRADO,7.0,7,300
ERCILLA,1.0,9,485
ERCILLA,2.0,9,1490
ERCILLA,3.0,9,322
ERCILLA,4.0,9,211
ERCILLA,5.0,9,50
ERCILLA,6.0,9,182
ERCILLA,7.0,9,179
ESTACION CENTRAL,1.0,13,18230
ESTACION CENTRAL,2.0,13,12049
ESTACION CENTRAL,3.0,13,5736
ESTACION CENTRAL,4.0,13,6345
ESTACION CENTRAL,5.0,13,1163
ESTACION CENTRAL,6.0,13,5491
ESTACION CENTRAL,7.0,13,3632
FLORIDA,1.0,8,623
FLORIDA,2.0,8,1562
FLORIDA,3.0,8,804
FLORIDA,4.0,8,606
FLORIDA,5.0,8,55
FLORIDA,6.0,8,317
FLORIDA,7.0,8,675
FREIRE,1.0,9,1381
FREIRE,2.0,9,3631
FREIRE,3.0,9,1630
FREIRE,4.0,9,911
FREIRE,5.0,9,126
FREIRE,6.0,9,571
FREIRE,7.0,9,950
FREIRINA,1.0,3,425
FREIRINA,2.0,3,305
FREIRINA,3.0,3,1168
FREIRINA,4.0,3,135
FREIRINA,5.0,3,22
FREIRINA,6.0,3,69
FREIRINA,7.0,3,512
FRESIA,1.0,10,839
FRESIA,2.0,10,2052
FRESIA,3.0,10,1178
FRESIA,4.0,10,458
FRESIA,5.0,10,44
FRESIA,6.0,10,211
FRESIA,7.0,10,491
FRUTILLAR,1.0,10,1351
FRUTILLAR,2.0,10,3260
FRUTILLAR,3.0,10,1329
FRUTILLAR,4.0,10,786
FRUTILLAR,5.0,10,60
FRUTILLAR,6.0,10,375
FRUTILLAR,7.0,10,1208
FUTALEUFU,1.0,10,208
FUTALEUFU,2.0,10,435
FUTALEUFU,3.0,10,155
FUTALEUFU,4.0,10,150
FUTALEUFU,5.0,10,15
FUTALEUFU,6.0,10,34
FUTALEUFU,7.0,10,60
FUTRONO,1.0,14,1008
FUTRONO,2.0,14,2803
FUTRONO,3.0,14,890
FUTRONO,4.0,14,692
FUTRONO,5.0,14,74
FUTRONO,6.0,14,244
FUTRONO,7.0,14,806
GALVARINO,1.0,9,880
GALVARINO,2.0,9,1802
GALVARINO,3.0,9,1134
GALVARINO,4.0,9,364
GALVARINO,5.0,9,73
GALVARINO,6.0,9,376
GALVARINO,7.0,9,473
GENERAL LAGOS,1.0,15,24
GENERAL LAGOS,2.0,15,140
GENERAL LAGOS,3.0,15,39
GENERAL LAGOS,4.0,15,26
GENERAL LAGOS,5.0,15,5
GENERAL LAGOS,6.0,15,26
GENERAL LAGOS,7.0,15,239
GORBEA,1.0,9,794
GORBEA,2.0,9,3155
GORBEA,3.0,9,841
GORBEA,4.0,9,805
GORBEA,5.0,9,40
GORBEA,6.0,9,228
GORBEA,7.0,9,663
GRANEROS,1.0,6,3724
GRANEROS,2.0,6,2891
GRANEROS,3.0,6,1517
GRANEROS,4.0,6,1479
GRANEROS,5.0,6,153
GRANEROS,6.0,6,1345
GRANEROS,7.0,6,2238
GUAITECAS,1.0,11,129
GUAITECAS,2.0,11,150
GUAITECAS,3.0,11,80
GUAITECAS,4.0,11,43
GUAITECAS,5.0,11,4
GUAITECAS,6.0,11,18
GUAITECAS,7.0,11,68
HIJUELAS,1.0,5,1454
HIJUELAS,2.0,5,1725
HIJUELAS,3.0,5,762
HIJUELAS,4.0,5,778
HIJUELAS,5.0,5,59
HIJUELAS,6.0,5,644
HIJUELAS,7.0,5,1894
HUALAIHUE,1.0,10,628
HUALAIHUE,2.0,10,1041
HUALAIHUE,3.0,10,600
HUALAIHUE,4.0,10,389
HUALAIHUE,5.0,10,48
HUALAIHUE,6.0,10,223
HUALAIHUE,7.0,10,678
HUALAÑE,1.0,7,817
HUALAÑE,2.0,7,992
HUALAÑE,3.0,7,1017
HUALAÑE,4.0,7,660
HUALAÑE,5.0,7,40
HUALAÑE,6.0,7,259
HUALAÑE,7.0,7,366
HUALPEN,1.0,8,8184
HUALPEN,2.0,8,9966
HUALPEN,3.0,8,4598
HUALPEN,4.0,8,3718
HUALPEN,5.0,8,523
HUALPEN,6.0,8,3421
HUALPEN,7.0,8,8834
HUALQUI,1.0,8,1453
HUALQUI,2.0,8,2349
HUALQUI,3.0,8,1081
HUALQUI,4.0,8,835
HUALQUI,5.0,8,94
HUALQUI,6.0,8,858
HUALQUI,7.0,8,1844
HUARA,1.0,1,207
HUARA,2.0,1,479
HUARA,3.0,1,157
HUARA,4.0,1,88
HUARA,5.0,1,12
HUARA,6.0,1,78
HUARA,7.0,1,667
HUASCO,1.0,3,641
HUASCO,2.0,3,538
HUASCO,3.0,3,1309
HUASCO,4.0,3,196
HUASCO,5.0,3,58
HUASCO,6.0,3,193
HUASCO,7.0,3,930
HUECHURABA,1.0,13,11004
HUECHURABA,2.0,13,9452
HUECHURABA,3.0,13,4524
HUECHURABA,4.0,13,6760
HUECHURABA,5.0,13,771
HUECHURABA,6.0,13,4067
HUECHURABA,7.0,13,3205
ILLAPEL,1.0,4,3146
ILLAPEL,2.0,4,1953
ILLAPEL,3.0,4,2104
ILLAPEL,4.0,4,1061
ILLAPEL,5.0,4,150
ILLAPEL,6.0,4,746
ILLAPEL,7.0,4,2738
INDEPENDENCIA,1.0,13,11569
INDEPENDENCIA,2.0,13,8327
INDEPENDENCIA,3.0,13,3414
INDEPENDENCIA,4.0,13,4646
INDEPENDENCIA,5.0,13,749
INDEPENDENCIA,6.0,13,2802
INDEPENDENCIA,7.0,13,2076
IQUIQUE,1.0,1,15561
IQUIQUE,2.0,1,24113
IQUIQUE,3.0,1,6038
IQUIQUE,4.0,1,6581
IQUIQUE,5.0,1,976
IQUIQUE,6.0,1,4687
IQUIQUE,7.0,1,15802
ISLA DE MAIPO,1.0,13,3466
ISLA DE MAIPO,2.0,13,3638
ISLA DE MAIPO,3.0,13,1827
ISLA DE MAIPO,4.0,13,1733
ISLA DE MAIPO,5.0,13,199
ISLA DE MAIPO,6.0,13,1367
ISLA DE MAIPO,7.0,13,1505
ISLA DE PASCUA,1.0,5,972
ISLA DE PASCUA,2.0,5,581
ISLA DE PASCUA,3.0,5,352
ISLA DE PASCUA,4.0,5,314
ISLA DE PASCUA,5.0,5,41
ISLA DE PASCUA,6.0,5,323
ISLA DE PASCUA,7.0,5,311
JUAN FERNANDEZ,1.0,5,144
JUAN FERNANDEZ,2.0,5,61
JUAN FERNANDEZ,3.0,5,37
JUAN FERNANDEZ,4.0,5,42
JUAN FERNANDEZ,5.0,5,5
JUAN FERNANDEZ,6.0,5,22
JUAN FERNANDEZ,7.0,5,6
LA CISTERNA,1.0,13,13048
LA CISTERNA,2.0,13,9830
LA CISTERNA,3.0,13,4101
LA CISTERNA,4.0,13,5577
LA CISTERNA,5.0,13,733
LA CISTERNA,6.0,13,3410
LA CISTERNA,7.0,13,2571
LA CRUZ,1.0,5,2124
LA CRUZ,2.0,5,2639
LA CRUZ,3.0,5,808
LA CRUZ,4.0,5,1249
LA CRUZ,5.0,5,100
LA CRUZ,6.0,5,646
LA CRUZ,7.0,5,1616
LA ESTRELLA,1.0,6,406
LA ESTRELLA,2.0,6,514
LA ESTRELLA,3.0,6,326
LA ESTRELLA,4.0,6,301
LA ESTRELLA,5.0,6,19
LA ESTRELLA,6.0,6,113
LA ESTRELLA,7.0,6,128
LA FLORIDA,1.0,13,58277
LA FLORIDA,2.0,13,33578
LA FLORIDA,3.0,13,16861
LA FLORIDA,4.0,13,23605
LA FLORIDA,5.0,13,3003
LA FLORIDA,6.0,13,13950
LA FLORIDA,7.0,13,10734
LA GRANJA,1.0,13,14887
LA GRANJA,2.0,13,8105
LA GRANJA,3.0,13,5911
LA GRANJA,4.0,13,4555
LA GRANJA,5.0,13,1002
LA GRANJA,6.0,13,5652
LA GRANJA,7.0,13,4760
LA HIGUERA,1.0,4,459
LA HIGUERA,2.0,4,322
LA HIGUERA,3.0,4,296
LA HIGUERA,4.0,4,109
LA HIGUERA,5.0,4,30
LA HIGUERA,6.0,4,116
LA HIGUERA,7.0,4,406
LA LIGUA,1.0,5,4229
LA LIGUA,2.0,5,3165
LA LIGUA,3.0,5,1896
LA LIGUA,4.0,5,1680
LA LIGUA,5.0,5,191
LA LIGUA,6.0,5,1079
LA LIGUA,7.0,5,2257
LA PINTANA,1.0,13,16059
LA PINTANA,2.0,13,9033
LA PINTANA,3.0,13,7562
LA PINTANA,4.0,13,4587
LA PINTANA,5.0,13,1229
LA PINTANA,6.0,13,9034
LA PINTANA,7.0,13,7378
LA REINA,1.0,13,15721
LA REINA,2.0,13,17036
LA REINA,3.0,13,6291
LA REINA,4.0,13,13726
LA REINA,5.0,13,572
LA REINA,6.0,13,1781
LA REINA,7.0,13,1225
LA SERENA,1.0,4,23117
LA SERENA,2.0,4,20297
LA SERENA,3.0,4,9044
LA SERENA,4.0,4,10034
LA SERENA,5.0,4,1218
LA SERENA,6.0,4,5565
LA SERENA,7.0,4,13763
LA UNION,1.0,14,2783
LA UNION,2.0,14,5954
LA UNION,3.0,14,2321
LA UNION,4.0,14,1840
LA UNION,5.0,14,163
LA UNION,6.0,14,763
LA UNION,7.0,14,2212
LAGO RANCO,1.0,14,703
LAGO RANCO,2.0,14,1740
LAGO RANCO,3.0,14,655
LAGO RANCO,4.0,14,475
LAGO RANCO,5.0,14,51
LAGO RANCO,6.0,14,188
LAGO RANCO,7.0,14,487
LAGO VERDE,1.0,11,75
LAGO VERDE,2.0,11,216
LAGO VERDE,3.0,11,65
LAGO VERDE,4.0,11,46
LAGO VERDE,5.0,11,11
LAGO VERDE,6.0,11,16
LAGO VERDE,7.0,11,31
LAGUNA BLANCA,1.0,12,57
LAGUNA BLANCA,2.0,12,134
LAGUNA BLANCA,3.0,12,33
LAGUNA BLANCA,4.0,12,24
LAGUNA BLANCA,5.0,12,3
LAGUNA BLANCA,6.0,12,26
LAGUNA BLANCA,7.0,12,25
LAJA,1.0,8,1299
LAJA,2.0,8,2709
LAJA,3.0,8,1013
LAJA,4.0,8,880
LAJA,5.0,8,83
LAJA,6.0,8,632
LAJA,7.0,8,2295
LAMPA,1.0,13,7393
LAMPA,2.0,13,7309
LAMPA,3.0,13,2752
LAMPA,4.0,13,3677
LAMPA,5.0,13,456
LAMPA,6.0,13,3219
LAMPA,7.0,13,4002
LANCO,1.0,14,1413
LANCO,2.0,14,2312
LANCO,3.0,14,981
LANCO,4.0,14,561
LANCO,5.0,14,78
LANCO,6.0,14,309
LANCO,7.0,14,1000
LAS CABRAS,1.0,6,1993
LAS CABRAS,2.0,6,2392
LAS CABRAS,3.0,6,1471
LAS CABRAS,4.0,6,1282
LAS CABRAS,5.0,6,104
LAS CABRAS,6.0,6,779
LAS CABRAS,7.0,6,835
LAS CONDES,1.0,13,22095
LAS CONDES,2.0,13,78095
LAS CONDES,3.0,13,12333
LAS CONDES,4.0,13,53108
LAS CONDES,5.0,13,598
LAS CONDES,6.0,13,2553
LAS CONDES,7.0,13,1830
LAUTARO,1.0,9,2171
LAUTARO,2.0,9,6919
LAUTARO,3.0,9,2197
LAUTARO,4.0,9,1281
LAUTARO,5.0,9,144
LAUTARO,6.0,9,785
LAUTARO,7.0,9,1829
LEBU,1.0,8,1560
LEBU,2.0,8,3476
LEBU,3.0,8,1348
LEBU,4.0,8,527
LEBU,5.0,8,95
LEBU,6.0,8,632
LEBU,7.0,8,1253
LICANTEN,1.0,7,562
LICANTEN,2.0,7,735
LICANTEN,3.0,7,539
LICANTEN,4.0,7,628
LICANTEN,5.0,7,29
LICANTEN,6.0,7,187
LICANTEN,7.0,7,347
LIMACHE,1.0,5,5243
LIMACHE,2.0,5,5735
LIMACHE,3.0,5,1791
LIMACHE,4.0,5,2418
LIMACHE,5.0,5,280
LIMACHE,6.0,5,1295
LIMACHE,7.0,5,2555
LINARES,1.0,7,7900
LINARES,2.0,7,12574
LINARES,3.0,7,4137
LINARES,4.0,7,4493
LINARES,5.0,7,318
LINARES,6.0,7,2378
LINARES,7.0,7,4913
LITUECHE,1.0,6,673
LITUECHE,2.0,6,935
LITUECHE,3.0,6,615
LITUECHE,4.0,6,470
LITUECHE,5.0,6,31
LITUECHE,6.0,6,200
LITUECHE,7.0,6,208
LLAILLAY,1.0,5,2900
LLAILLAY,2.0,5,1688
LLAILLAY,3.0,5,1441
LLAILLAY,4.0,5,1006
LLAILLAY,5.0,5,169
LLAILLAY,6.0,5,974
LLAILLAY,7.0,5,2060
LLANQUIHUE,1.0,10,1395
LLANQUIHUE,2.0,10,2618
LLANQUIHUE,3.0,10,1190
LLANQUIHUE,4.0,10,627
LLANQUIHUE,5.0,10,66
LLANQUIHUE,6.0,10,562
LLANQUIHUE,7.0,10,1376
LO BARNECHEA,1.0,13,4615
LO BARNECHEA,2.0,13,28309
LO BARNECHEA,3.0,13,2570
LO BARNECHEA,4.0,13,16644
LO BARNECHEA,5.0,13,200
LO BARNECHEA,6.0,13,1249
LO BARNECHEA,7.0,13,1189
LO ESPEJO,1.0,13,12548
LO ESPEJO,2.0,13,6383
LO ESPEJO,3.0,13,4582
LO ESPEJO,4.0,13,3233
LO ESPEJO,5.0,13,923
LO ESPEJO,6.0,13,5690
LO ESPEJO,7.0,13,4296
LO PRADO,1.0,13,12923
LO PRADO,2.0,13,7554
LO PRADO,3.0,13,4785
LO PRADO,4.0,13,4394
LO PRADO,5.0,13,910
LO PRADO,6.0,13,5271
LO PRADO,7.0,13,3879
LOLOL,1.0,6,568
LOLOL,2.0,6,812
LOLOL,3.0,6,654
LOLOL,4.0,6,569
LOLOL,5.0,6,18
LOLOL,6.0,6,120
LOLOL,7.0,6,228
LONCOCHE,1.0,9,1516
LONCOCHE,2.0,9,3501
LONCOCHE,3.0,9,1537
LONCOCHE,4.0,9,938
LONCOCHE,5.0,9,93
LONCOCHE,6.0,9,588
LONCOCHE,7.0,9,1306
LONGAVI,1.0,7,1644
LONGAVI,2.0,7,4182
LONGAVI,3.0,7,1414
LONGAVI,4.0,7,1186
LONGAVI,5.0,7,56
LONGAVI,6.0,7,518
LONGAVI,7.0,7,1077
LONQUIMAY,1.0,9,580
LONQUIMAY,2.0,9,2144
LONQUIMAY,3.0,9,880
LONQUIMAY,4.0,9,326
LONQUIMAY,5.0,9,32
LONQUIMAY,6.0,9,169
LONQUIMAY,7.0,9,427
LOS ALAMOS,1.0,8,1030
LOS ALAMOS,2.0,8,3497
LOS ALAMOS,3.0,8,1073
LOS ALAMOS,4.0,8,477
LOS ALAMOS,5.0,8,78
LOS ALAMOS,6.0,8,380
LOS ALAMOS,7.0,8,1267
LOS ANDES,1.0,5,7176
LOS ANDES,2.0,5,7144
LOS ANDES,3.0,5,3240
LOS ANDES,4.0,5,3590
LOS ANDES,5.0,5,330
LOS ANDES,6.0,5,2268
LOS ANDES,7.0,5,5369
LOS ANGELES,1.0,8,9447
LOS ANGELES,2.0,8,29491
LOS ANGELES,3.0,8,6436
LOS ANGELES,4.0,8,8845
LOS ANGELES,5.0,8,569
LOS ANGELES,6.0,8,3254
LOS ANGELES,7.0,8,11618
LOS LAGOS,1.0,14,1476
LOS LAGOS,2.0,14,2852
LOS LAGOS,3.0,14,1053
LOS LAGOS,4.0,14,698
LOS LAGOS,5.0,14,60
LOS LAGOS,6.0,14,396
LOS LAGOS,7.0,14,1091
LOS MUERMOS,1.0,10,796
LOS MUERMOS,2.0,10,3214
LOS MUERMOS,3.0,10,858
LOS MUERMOS,4.0,10,715
LOS MUERMOS,5.0,10,37
LOS MUERMOS,6.0,10,245
LOS MUERMOS,7.0,10,759
LOS SAUCES,1.0,9,386
LOS SAUCES,2.0,9,1881
LOS SAUCES,3.0,9,462
LOS SAUCES,4.0,9,310
LOS SAUCES,5.0,9,28
LOS SAUCES,6.0,9,130
LOS SAUCES,7.0,9,277
LOS VILOS,1.0,4,2142
LOS VILOS,2.0,4,1431
LOS VILOS,3.0,4,1331
LOS VILOS,4.0,4,801
LOS VILOS,5.0,4,150
LOS VILOS,6.0,4,659
LOS VILOS,7.0,4,1345
LOTA,1.0,8,3893
LOTA,2.0,8,6204
LOTA,3.0,8,3074
LOTA,4.0,8,1290
LOTA,5.0,8,219
LOTA,6.0,8,1812
LOTA,7.0,8,4624
LUMACO,1.0,9,556
LUMACO,2.0,9,2443
LUMACO,3.0,9,455
LUMACO,4.0,9,227
LUMACO,5.0,9,52
LUMACO,6.0,9,175
LUMACO,7.0,9,241
MACHALI,1.0,6,5093
MACHALI,2.0,6,5587
MACHALI,3.0,6,1848
MACHALI,4.0,6,3171
MACHALI,5.0,6,172
MACHALI,6.0,6,1619
MACHALI,7.0,6,2884
MACUL,1.0,13,19448
MACUL,2.0,13,11868
MACUL,3.0,13,5998
MACUL,4.0,13,8416
MACUL,5.0,13,962
MACUL,6.0,13,4314
MACUL,7.0,13,3105
MAFIL,1.0,14,479
MAFIL,2.0,14,1292
MAFIL,3.0,14,423
MAFIL,4.0,14,283
MAFIL,5.0,14,29
MAFIL,6.0,14,187
MAFIL,7.0,14,647
MAIPU,1.0,13,75643
MAIPU,2.0,13,42676
MAIPU,3.0,13,19359
MAIPU,4.0,13,25977
MAIPU,5.0,13,4142
MAIPU,6.0,13,20931
MAIPU,7.0,13,17680
MALLOA,1.0,6,1064
MALLOA,2.0,6,1691
MALLOA,3.0,6,794
MALLOA,4.0,6,682
MALLOA,5.0,6,43
MALLOA,6.0,6,414
MALLOA,7.0,6,686
MARCHIGUE,1.0,6,669
MARCHIGUE,2.0,6,755
MARCHIGUE,3.0,6,595
MARCHIGUE,4.0,6,605
MARCHIGUE,5.0,6,33
MARCHIGUE,6.0,6,171
MARCHIGUE,7.0,6,240
MARIA ELENA,1.0,2,265
MARIA ELENA,2.0,2,212
MARIA ELENA,3.0,2,148
MARIA ELENA,4.0,2,73
MARIA ELENA,5.0,2,34
MARIA ELENA,6.0,2,118
MARIA ELENA,7.0,2,964
MARIA PINTO,1.0,13,1508
MARIA PINTO,2.0,13,1483
MARIA PINTO,3.0,13,756
MARIA PINTO,4.0,13,792
MARIA PINTO,5.0,13,47
MARIA PINTO,6.0,13,420
MARIA PINTO,7.0,13,485
MARIQUINA,1.0,14,1520
MARIQUINA,2.0,14,2346
MARIQUINA,3.0,14,1226
MARIQUINA,4.0,14,667
MARIQUINA,5.0,14,72
MARIQUINA,6.0,14,391
MARIQUINA,7.0,14,1563
MAULE,1.0,7,2117
MAULE,2.0,7,3418
MAULE,3.0,7,1525
MAULE,4.0,7,1544
MAULE,5.0,7,94
MAULE,6.0,7,968
MAULE,7.0,7,2339
MAULLIN,1.0,10,882
MAULLIN,2.0,10,2197
MAULLIN,3.0,10,941
MAULLIN,4.0,10,496
MAULLIN,5.0,10,50
MAULLIN,6.0,10,208
MAULLIN,7.0,10,715
MEJILLONES,1.0,2,747
MEJILLONES,2.0,2,589
MEJILLONES,3.0,2,350
MEJILLONES,4.0,2,200
MEJILLONES,5.0,2,52
MEJILLONES,6.0,2,270
MEJILLONES,7.0,2,1656
MELIPEUCO,1.0,9,362
MELIPEUCO,2.0,9,944
MELIPEUCO,3.0,9,328
MELIPEUCO,4.0,9,199
MELIPEUCO,5.0,9,26
MELIPEUCO,6.0,9,95
MELIPEUCO,7.0,9,247
MELIPILLA,1.0,13,10618
MELIPILLA,2.0,13,12241
MELIPILLA,3.0,13,4810
MELIPILLA,4.0,13,5547
MELIPILLA,5.0,13,590
MELIPILLA,6.0,13,2824
MELIPILLA,7.0,13,4351
MOLINA,1.0,7,3961
MOLINA,2.0,7,4884
MOLINA,3.0,7,3244
MOLINA,4.0,7,2253
MOLINA,5.0,7,185
MOLINA,6.0,7,1647
MOLINA,7.0,7,2641
MONTE PATRIA,1.0,4,1972
MONTE PATRIA,2.0,4,1896
MONTE PATRIA,3.0,4,1837
MONTE PATRIA,4.0,4,794
MONTE PATRIA,5.0,4,185
MONTE PATRIA,6.0,4,748
MONTE PATRIA,7.0,4,2623
MOSTAZAL,1.0,6,2657
MOSTAZAL,2.0,6,2281
MOSTAZAL,3.0,6,1117
MOSTAZAL,4.0,6,1063
MOSTAZAL,5.0,6,128
MOSTAZAL,6.0,6,856
MOSTAZAL,7.0,6,1594
MULCHEN,1.0,8,1351
MULCHEN,2.0,8,3762
MULCHEN,3.0,8,1614
MULCHEN,4.0,8,822
MULCHEN,5.0,8,86
MULCHEN,6.0,8,465
MULCHEN,7.0,8,1830
NACIMIENTO,1.0,8,1367
NACIMIENTO,2.0,8,3693
NACIMIENTO,3.0,8,1264
NACIMIENTO,4.0,8,836
NACIMIENTO,5.0,8,91
NACIMIENTO,6.0,8,477
NACIMIENTO,7.0,8,2852
NANCAGUA,1.0,6,1332
NANCAGUA,2.0,6,1661
NANCAGUA,3.0,6,1276
NANCAGUA,4.0,6,1064
NANCAGUA,5.0,6,60
NANCAGUA,6.0,6,395
NANCAGUA,7.0,6,1006
NATALES,1.0,12,2437
NATALES,2.0,12,2039
NATALES,3.0,12,1253
NATALES,4.0,12,573
NATALES,5.0,12,91
NATALES,6.0,12,714
NATALES,7.0,12,997
NAVIDAD,1.0,6,807
NAVIDAD,2.0,6,761
NAVIDAD,3.0,6,622
NAVIDAD,4.0,6,527
NAVIDAD,5.0,6,53
NAVIDAD,6.0,6,217
NAVIDAD,7.0,6,204
NEGRETE,1.0,8,350
NEGRETE,2.0,8,1545
NEGRETE,3.0,8,508
NEGRETE,4.0,8,399
NEGRETE,5.0,8,25
NEGRETE,6.0,8,217
NEGRETE,7.0,8,661
NINHUE,1.0,16,253
NINHUE,2.0,16,824
NINHUE,3.0,16,695
NINHUE,4.0,16,325
NINHUE,5.0,16,15
NINHUE,6.0,16,105
NINHUE,7.0,16,191
NOGALES,1.0,5,2325
NOGALES,2.0,5,1501
NOGALES,3.0,5,1094
NOGALES,4.0,5,925
NOGALES,5.0,5,130
NOGALES,6.0,5,899
NOGALES,7.0,5,2388
NUEVA IMPERIAL,1.0,9,2196
NUEVA IMPERIAL,2.0,9,4697
NUEVA IMPERIAL,3.0,9,2301
NUEVA IMPERIAL,4.0,9,1191
NUEVA IMPERIAL,5.0,9,178
NUEVA IMPERIAL,6.0,9,1011
NUEVA IMPERIAL,7.0,9,1647
O'HIGGINS,1.0,11,75
O'HIGGINS,2.0,11,142
O'HIGGINS,3.0,11,47
O'HIGGINS,4.0,11,26
O'HIGGINS,5.0,11,3
O'HIGGINS,6.0,11,5
O'HIGGINS,7.0,11,16
OLIVAR,1.0,6,1324
OLIVAR,2.0,6,1701
OLIVAR,3.0,6,718
OLIVAR,4.0,6,835
OLIVAR,5.0,6,46
OLIVAR,6.0,6,493
OLIVAR,7.0,6,1076
OLLAGUE,1.0,2,29
OLLAGUE,2.0,2,53
OLLAGUE,3.0,2,25
OLLAGUE,4.0,2,12
OLLAGUE,5.0,2,3
OLLAGUE,6.0,2,27
OLLAGUE,7.0,2,220
OLMUE,1.0,5,1925
OLMUE,2.0,5,2624
OLMUE,3.0,5,760
OLMUE,4.0,5,1000
OLMUE,5.0,5,101
OLMUE,6.0,5,561
OLMUE,7.0,5,893
OSORNO,1.0,10,14255
OSORNO,2.0,10,21364
OSORNO,3.0,10,9991
OSORNO,4.0,10,7727
OSORNO,5.0,10,837
OSORNO,6.0,10,3309
OSORNO,7.0,10,9914
OVALLE,1.0,4,8759
OVALLE,2.0,4,7745
OVALLE,3.0,4,5571
OVALLE,4.0,4,3731
OVALLE,5.0,4,420
OVALLE,6.0,4,2765
OVALLE,7.0,4,7777
PADRE HURTADO,1.0,13,7117
PADRE HURTADO,2.0,13,5178
PADRE HURTADO,3.0,13,2627
PADRE HURTADO,4.0,13,2774
PADRE HURTADO,5.0,13,418
PADRE HURTADO,6.0,13,3123
PADRE HURTADO,7.0,13,3527
PADRE LAS CASAS,1.0,9,4409
PADRE LAS CASAS,2.0,9,9271
PADRE LAS CASAS,3.0,9,2982
PADRE LAS CASAS,4.0,9,2511
PADRE LAS CASAS,5.0,9,265
PADRE LAS CASAS,6.0,9,1852
PADRE LAS CASAS,7.0,9,4368
PAIHUANO,1.0,4,576
PAIHUANO,2.0,4,488
PAIHUANO,3.0,4,289
PAIHUANO,4.0,4,274
PAIHUANO,5.0,4,37
PAIHUANO,6.0,4,146
PAIHUANO,7.0,4,277
PAILLACO,1.0,14,1428
PAILLACO,2.0,14,3333
PAILLACO,3.0,14,1171
PAILLACO,4.0,14,802
PAILLACO,5.0,14,94
PAILLACO,6.0,14,333
PAILLACO,7.0,14,1226
PAINE,1.0,13,7020
PAINE,2.0,13,8429
PAINE,3.0,13,2699
PAINE,4.0,13,2743
PAINE,5.0,13,266
PAINE,6.0,13,2099
PAINE,7.0,13,3212
PALENA,1.0,10,160
PALENA,2.0,10,307
PALENA,3.0,10,157
PALENA,4.0,10,81
PALENA,5.0,10,7
PALENA,6.0,10,20
PALENA,7.0,10,57
PALMILLA,1.0,6,819
PALMILLA,2.0,6,1127
PALMILLA,3.0,6,1231
PALMILLA,4.0,6,671
PALMILLA,5.0,6,39
PALMILLA,6.0,6,275
PALMILLA,7.0,6,469
PANGUIPULLI,1.0,14,2368
PANGUIPULLI,2.0,14,4900
PANGUIPULLI,3.0,14,1954
PANGUIPULLI,4.0,14,1329
PANGUIPULLI,5.0,14,169
PANGUIPULLI,6.0,14,896
PANGUIPULLI,7.0,14,1836
PANQUEHUE,1.0,5,714
PANQUEHUE,2.0,5,870
PANQUEHUE,3.0,5,389
PANQUEHUE,4.0,5,331
PANQUEHUE,5.0,5,28
PANQUEHUE,6.0,5,229
PANQUEHUE,7.0,5,711
PAPUDO,1.0,5,869
PAPUDO,2.0,5,904
PAPUDO,3.0,5,497
PAPUDO,4.0,5,658
PAPUDO,5.0,5,34
PAPUDO,6.0,5,195
PAPUDO,7.0,5,458
PAREDONES,1.0,6,634
PAREDONES,2.0,6,752
PAREDONES,3.0,6,708
PAREDONES,4.0,6,523
PAREDONES,5.0,6,24
PAREDONES,6.0,6,155
PAREDONES,7.0,6,217
PARRAL,1.0,7,2752
PARRAL,2.0,7,6504
PARRAL,3.0,7,2394
PARRAL,4.0,7,2552
PARRAL,5.0,7,109
PARRAL,6.0,7,829
PARRAL,7.0,7,1551
PEDRO AGUIRRE CERDA,1.0,13,17061
PEDRO AGUIRRE CERDA,2.0,13,7565
PEDRO AGUIRRE CERDA,3.0,13,5050
PEDRO AGUIRRE CERDA,4.0,13,4534
PEDRO AGUIRRE CERDA,5.0,13,1400
PEDRO AGUIRRE CERDA,6.0,13,5660
PEDRO AGUIRRE CERDA,7.0,13,3541
PELARCO,1.0,7,549
PELARCO,2.0,7,1127
PELARCO,3.0,7,595
PELARCO,4.0,7,528
PELARCO,5.0,7,29
PELARCO,6.0,7,248
PELARCO,7.0,7,561
PELLUHUE,1.0,7,692
PELLUHUE,2.0,7,1813
PELLUHUE,3.0,7,531
PELLUHUE,4.0,7,499
PELLUHUE,5.0,7,34
PELLUHUE,6.0,7,179
PELLUHUE,7.0,7,274
PEMUCO,1.0,16,424
PEMUCO,2.0,16,1364
PEMUCO,3.0,16,574
PEMUCO,4.0,16,423
PEMUCO,5.0,16,20
PEMUCO,6.0,16,172
PEMUCO,7.0,16,390
PENCAHUE,1.0,7,634
PENCAHUE,2.0,7,1686
PENCAHUE,3.0,7,936
PENCAHUE,4.0,7,656
PENCAHUE,5.0,7,24
PENCAHUE,6.0,7,269
PENCAHUE,7.0,7,584
PENCO,1.0,8,4384
PENCO,2.0,8,4823
PENCO,3.0,8,3466
PENCO,4.0,8,1798
PENCO,5.0,8,299
PENCO,6.0,8,1652
PENCO,7.0,8,4424
PERALILLO,1.0,6,915
PERALILLO,2.0,6,1092
PERALILLO,3.0,6,921
PERALILLO,4.0,6,772
PERALILLO,5.0,6,40
PERALILLO,6.0,6,273
PERALILLO,7.0,6,392
PERQUENCO,1.0,9,383
PERQUENCO,2.0,9,1252
PERQUENCO,3.0,9,458
PERQUENCO,4.0,9,174
PERQUENCO,5.0,9,36
PERQUENCO,6.0,9,186
PERQUENCO,7.0,9,456
PETORCA,1.0,5,1175
PETORCA,2.0,5,671
PETORCA,3.0,5,712
PETORCA,4.0,5,361
PETORCA,5.0,5,54
PETORCA,6.0,5,374
PETORCA,7.0,5,742
PEUMO,1.0,6,1500
PEUMO,2.0,6,1260
PEUMO,3.0,6,985
PEUMO,4.0,6,770
PEUMO,5.0,6,84
PEUMO,6.0,6,505
PEUMO,7.0,6,791
PEÑAFLOR,1.0,13,10886
PEÑAFLOR,2.0,13,7694
PEÑAFLOR,3.0,13,4238
PEÑAFLOR,4.0,13,4229
PEÑAFLOR,5.0,13,599
PEÑAFLOR,6.0,13,4264
PEÑAFLOR,7.0,13,5103
PEÑALOLEN,1.0,13,30779
PEÑALOLEN,2.0,13,19456
PEÑALOLEN,3.0,13,11182
PEÑALOLEN,4.0,13,14942
PEÑALOLEN,5.0,13,1664
PEÑALOLEN,6.0,13,9789
PEÑALOLEN,7.0,13,7119
PICA,1.0,1,403
PICA,2.0,1,758
PICA,3.0,1,305
PICA,4.0,1,203
PICA,5.0,1,27
PICA,6.0,1,100
PICA,7.0,1,743
PICHIDEGUA,1.0,6,1541
PICHIDEGUA,2.0,6,1614
PICHIDEGUA,3.0,6,1232
PICHIDEGUA,4.0,6,1138
PICHIDEGUA,5.0,6,83
PICHIDEGUA,6.0,6,464
PICHIDEGUA,7.0,6,745
PICHILEMU,1.0,6,2210
PICHILEMU,2.0,6,1996
PICHILEMU,3.0,6,1173
PICHILEMU,4.0,6,1602
PICHILEMU,5.0,6,113
PICHILEMU,6.0,6,553
PICHILEMU,7.0,6,746
PINTO,1.0,16,578
PINTO,2.0,16,2626
PINTO,3.0,16,457
PINTO,4.0,16,726
PINTO,5.0,16,34
PINTO,6.0,16,256
PINTO,7.0,16,446
PIRQUE,1.0,13,3587
PIRQUE,2.0,13,3614
PIRQUE,3.0,13,1504
PIRQUE,4.0,13,1992
PIRQUE,5.0,13,151
PIRQUE,6.0,13,1025
PIRQUE,7.0,13,849
PITRUFQUEN,1.0,9,1573
PITRUFQUEN,2.0,9,4487
PITRUFQUEN,3.0,9,1243
PITRUFQUEN,4.0,9,974
PITRUFQUEN,5.0,9,82
PITRUFQUEN,6.0,9,572
PITRUFQUEN,7.0,9,1077
PLACILLA,1.0,6,643
PLACILLA,2.0,6,977
PLACILLA,3.0,6,722
PLACILLA,4.0,6,580
PLACILLA,5.0,6,47
PLACILLA,6.0,6,282
PLACILLA,7.0,6,636
PORTEZUELO,1.0,16,308
PORTEZUELO,2.0,16,1068
PORTEZUELO,3.0,16,574
PORTEZUELO,4.0,16,371
PORTEZUELO,5.0,16,23
PORTEZUELO,6.0,16,116
PORTEZUELO,7.0,16,207
PORVENIR,1.0,12,761
PORVENIR,2.0,12,581
PORVENIR,3.0,12,304
PORVENIR,4.0,12,166
PORVENIR,5.0,12,18
PORVENIR,6.0,12,193
PORVENIR,7.0,12,247
POZO ALMONTE,1.0,1,544
POZO ALMONTE,2.0,1,1260
POZO ALMONTE,3.0,1,664
POZO ALMONTE,4.0,1,229
POZO ALMONTE,5.0,1,58
POZO ALMONTE,6.0,1,276
POZO ALMONTE,7.0,1,2049
PRIMAVERA,1.0,12,63
PRIMAVERA,2.0,12,66
PRIMAVERA,3.0,12,43
PRIMAVERA,4.0,12,31
PRIMAVERA,5.0,12,4
PRIMAVERA,6.0,12,46
PRIMAVERA,7.0,12,51
PROVIDENCIA,1.0,13,29001
PROVIDENCIA,2.0,13,30223
PROVIDENCIA,3.0,13,10313
PROVIDENCIA,4.0,13,22196
PROVIDENCIA,5.0,13,833
PROVIDENCIA,6.0,13,2063
PROVIDENCIA,7.0,13,1302
PUCHUNCAVI,1.0,5,2319
PUCHUNCAVI,2.0,5,1920
PUCHUNCAVI,3.0,5,907
PUCHUNCAVI,4.0,5,1357
PUCHUNCAVI,5.0,5,126
PUCHUNCAVI,6.0,5,793
PUCHUNCAVI,7.0,5,1357
PUCON,1.0,9,2900
PUCON,2.0,9,4593
PUCON,3.0,9,1089
PUCON,4.0,9,1595
PUCON,5.0,9,136
PUCON,6.0,9,593
PUCON,7.0,9,1352
PUDAHUEL,1.0,13,26745
PUDAHUEL,2.0,13,15263
PUDAHUEL,3.0,13,8275
PUDAHUEL,4.0,13,8815
PUDAHUEL,5.0,13,2028
PUDAHUEL,6.0,13,10562
PUDAHUEL,7.0,13,8608
PUENTE ALTO,1.0,13,68938
PUENTE ALTO,2.0,13,33914
PUENTE ALTO,3.0,13,18244
PUENTE ALTO,4.0,13,23323
PUENTE ALTO,5.0,13,4077
PUENTE ALTO,6.0,13,22321
PUENTE ALTO,7.0,13,19349
PUERTO MONTT,1.0,10,18811
PUERTO MONTT,2.0,10,28790
PUERTO MONTT,3.0,10,9339
PUERTO MONTT,4.0,10,9459
PUERTO MONTT,5.0,10,1209
PUERTO MONTT,6.0,10,5537
PUERTO MONTT,7.0,10,14488
PUERTO OCTAY,1.0,10,651
PUERTO OCTAY,2.0,10,1248
PUERTO OCTAY,3.0,10,956
PUERTO OCTAY,4.0,10,318
PUERTO OCTAY,5.0,10,42
PUERTO OCTAY,6.0,10,201
PUERTO OCTAY,7.0,10,645
PUERTO VARAS,1.0,10,4459
PUERTO VARAS,2.0,10,9205
PUERTO VARAS,3.0,10,2276
PUERTO VARAS,4.0,10,3836
PUERTO VARAS,5.0,10,190
PUERTO VARAS,6.0,10,897
PUERTO VARAS,7.0,10,2151
PUMANQUE,1.0,6,356
PUMANQUE,2.0,6,534
PUMANQUE,3.0,6,383
PUMANQUE,4.0,6,346
PUMANQUE,5.0,6,27
PUMANQUE,6.0,6,133
PUMANQUE,7.0,6,125
PUNITAQUI,1.0,4,819
PUNITAQUI,2.0,4,682
PUNITAQUI,3.0,4,709
PUNITAQUI,4.0,4,296
PUNITAQUI,5.0,4,31
PUNITAQUI,6.0,4,262
PUNITAQUI,7.0,4,1244
PUNTA ARENAS,1.0,12,17374
PUNTA ARENAS,2.0,12,15588
PUNTA ARENAS,3.0,12,4993
PUNTA ARENAS,4.0,12,4781
PUNTA ARENAS,5.0,12,524
PUNTA ARENAS,6.0,12,5485
PUNTA ARENAS,7.0,12,7174
PUQUELDON,1.0,10,300
PUQUELDON,2.0,10,287
PUQUELDON,3.0,10,217
PUQUELDON,4.0,10,102
PUQUELDON,5.0,10,14
PUQUELDON,6.0,10,83
PUQUELDON,7.0,10,293
PUREN,1.0,9,615
PUREN,2.0,9,2644
PUREN,3.0,9,924
PUREN,4.0,9,398
PUREN,5.0,9,49
PUREN,6.0,9,230
PUREN,7.0,9,405
PURRANQUE,1.0,10,1317
PURRANQUE,2.0,10,3456
PURRANQUE,3.0,10,1691
PURRANQUE,4.0,10,882
PURRANQUE,5.0,10,79
PURRANQUE,6.0,10,426
PURRANQUE,7.0,10,1082
PUTAENDO,1.0,5,1807
PUTAENDO,2.0,5,1382
PUTAENDO,3.0,5,1031
PUTAENDO,4.0,5,628
PUTAENDO,5.0,5,119
PUTAENDO,6.0,5,536
PUTAENDO,7.0,5,944
PUTRE,1.0,15,179
PUTRE,2.0,15,658
PUTRE,3.0,15,268
PUTRE,4.0,15,91
PUTRE,5.0,15,20
PUTRE,6.0,15,88
PUTRE,7.0,15,648
PUYEHUE,1.0,10,753
PUYEHUE,2.0,10,1790
PUYEHUE,3.0,10,1151
PUYEHUE,4.0,10,413
PUYEHUE,5.0,10,42
PUYEHUE,6.0,10,267
PUYEHUE,7.0,10,598
QUEILEN,1.0,10,493
QUEILEN,2.0,10,520
QUEILEN,3.0,10,663
QUEILEN,4.0,10,212
QUEILEN,5.0,10,29
QUEILEN,6.0,10,117
QUEILEN,7.0,10,315
QUELLON,1.0,10,1748
QUELLON,2.0,10,2123
QUELLON,3.0,10,1660
QUELLON,4.0,10,694
QUELLON,5.0,10,111
QUELLON,6.0,10,441
QUELLON,7.0,10,1747
QUEMCHI,1.0,10,587
QUEMCHI,2.0,10,789
QUEMCHI,3.0,10,596
QUEMCHI,4.0,10,291
QUEMCHI,5.0,10,30
QUEMCHI,6.0,10,145
QUEMCHI,7.0,10,345
QUILACO,1.0,8,235
QUILACO,2.0,8,668
QUILACO,3.0,8,409
QUILACO,4.0,8,194
QUILACO,5.0,8,11
QUILACO,6.0,8,79
QUILACO,7.0,8,233
QUILICURA,1.0,13,22670
QUILICURA,2.0,13,12966
QUILICURA,3.0,13,6869
QUILICURA,4.0,13,8028
QUILICURA,5.0,13,1458
QUILICURA,6.0,13,8280
QUILICURA,7.0,13,8687
QUILLECO,1.0,8,410
QUILLECO,2.0,8,1479
QUILLECO,3.0,8,572
QUILLECO,4.0,8,399
QUILLECO,5.0,8,43
QUILLECO,6.0,8,244
QUILLECO,7.0,8,675
QUILLON,1.0,16,839
QUILLON,2.0,16,2479
QUILLON,3.0,16,996
QUILLON,4.0,16,827
QUILLON,5.0,16,71
QUILLON,6.0,16,420
QUILLON,7.0,16,970
QUILLOTA,1.0,5,9253
QUILLOTA,2.0,5,9930
QUILLOTA,3.0,5,3514
QUILLOTA,4.0,5,4514
QUILLOTA,5.0,5,565
QUILLOTA,6.0,5,3009
QUILLOTA,7.0,5,5678
QUILPUE,1.0,5,20730
QUILPUE,2.0,5,19866
QUILPUE,3.0,5,6164
QUILPUE,4.0,5,8511
QUILPUE,5.0,5,1075
QUILPUE,6.0,5,5615
QUILPUE,7.0,5,8245
QUINCHAO,1.0,10,712
QUINCHAO,2.0,10,515
QUINCHAO,3.0,10,626
QUINCHAO,4.0,10,191
QUINCHAO,5.0,10,25
QUINCHAO,6.0,10,127
QUINCHAO,7.0,10,276
QUINTA DE TILCOCO,1.0,6,1464
QUINTA DE TILCOCO,2.0,6,1441
QUINTA DE TILCOCO,3.0,6,782
QUINTA DE TILCOCO,4.0,6,784
QUINTA DE TILCOCO,5.0,6,72
QUINTA DE TILCOCO,6.0,6,420
QUINTA DE TILCOCO,7.0,6,810
QUINTA NORMAL,1.0,13,15937
QUINTA NORMAL,2.0,13,9938
QUINTA NORMAL,3.0,13,4832
QUINTA NORMAL,4.0,13,5457
QUINTA NORMAL,5.0,13,1068
QUINTA NORMAL,6.0,13,5075
QUINTA NORMAL,7.0,13,3301
QUINTERO,1.0,5,3086
QUINTERO,2.0,5,2997
QUINTERO,3.0,5,1165
QUINTERO,4.0,5,1237
QUINTERO,5.0,5,186
QUINTERO,6.0,5,1281
QUINTERO,7.0,5,2288
QUIRIHUE,1.0,16,758
QUIRIHUE,2.0,16,1357
QUIRIHUE,3.0,16,1337
QUIRIHUE,4.0,16,703
QUIRIHUE,5.0,16,43
QUIRIHUE,6.0,16,244
QUIRIHUE,7.0,16,594
RANCAGUA,1.0,6,25697
RANCAGUA,2.0,6,22731
RANCAGUA,3.0,6,9023
RANCAGUA,4.0,6,11887
RANCAGUA,5.0,6,1144
RANCAGUA,6.0,6,7922
RANCAGUA,7.0,6,16173
RANQUIL,1.0,16,356
RANQUIL,2.0,16,991
RANQUIL,3.0,16,508
RANQUIL,4.0,16,321
RANQUIL,5.0,16,19
RANQUIL,6.0,16,144
RANQUIL,7.0,16,381
RAUCO,1.0,7,602
RAUCO,2.0,7,1474
RAUCO,3.0,7,722
RAUCO,4.0,7,567
RAUCO,5.0,7,37
RAUCO,6.0,7,383
RAUCO,7.0,7,526
RECOLETA,1.0,13,21858
RECOLETA,2.0,13,13211
RECOLETA,3.0,13,6495
RECOLETA,4.0,13,7216
RECOLETA,5.0,13,1547
RECOLETA,6.0,13,6378
RECOLETA,7.0,13,4627
RENAICO,1.0,9,445
RENAICO,2.0,9,1755
RENAICO,3.0,9,576
RENAICO,4.0,9,385
RENAICO,5.0,9,35
RENAICO,6.0,9,259
RENAICO,7.0,9,792
RENCA,1.0,13,16069
RENCA,2.0,13,8925
RENCA,3.0,13,5981
RENCA,4.0,13,4851
RENCA,5.0,13,1285
RENCA,6.0,13,7295
RENCA,7.0,13,6233
RENGO,1.0,6,5573
RENGO,2.0,6,5561
RENGO,3.0,6,3322
RENGO,4.0,6,2540
RENGO,5.0,6,298
RENGO,6.0,6,2182
RENGO,7.0,6,3461
REQUINOA,1.0,6,2120
REQUINOA,2.0,6,3401
REQUINOA,3.0,6,1398
REQUINOA,4.0,6,1380
REQUINOA,5.0,6,107
REQUINOA,6.0,6,909
REQUINOA,7.0,6,2143
RETIRO,1.0,7,908
RETIRO,2.0,7,2962
RETIRO,3.0,7,933
RETIRO,4.0,7,1226
RETIRO,5.0,7,55
RETIRO,6.0,7,400
RETIRO,7.0,7,737
RINCONADA,1.0,5,1097
RINCONADA,2.0,5,1415
RINCONADA,3.0,5,710
RINCONADA,4.0,5,644
RINCONADA,5.0,5,63
RINCONADA,6.0,5,375
RINCONADA,7.0,5,863
RIO BUENO,1.0,14,2106
RIO BUENO,2.0,14,5283
RIO BUENO,3.0,14,2025
RIO BUENO,4.0,14,1380
RIO BUENO,5.0,14,150
RIO BUENO,6.0,14,583
RIO BUENO,7.0,14,1673
RIO CLARO,1.0,7,856
RIO CLARO,2.0,7,1688
RIO CLARO,3.0,7,827
RIO CLARO,4.0,7,820
RIO CLARO,5.0,7,60
RIO CLARO,6.0,7,433
RIO CLARO,7.0,7,726
RIO HURTADO,1.0,4,327
RIO HURTADO,2.0,4,365
RIO HURTADO,3.0,4,396
RIO HURTADO,4.0,4,195
RIO HURTADO,5.0,4,20
RIO HURTADO,6.0,4,124
RIO HURTADO,7.0,4,326
RIO IBAÑEZ,1.0,11,287
RIO IBAÑEZ,2.0,11,464
RIO IBAÑEZ,3.0,11,227
RIO IBAÑEZ,4.0,11,161
RIO IBAÑEZ,5.0,11,11
RIO IBAÑEZ,6.0,11,69
RIO IBAÑEZ,7.0,11,112
RIO NEGRO,1.0,10,891
RIO NEGRO,2.0,10,2158
RIO NEGRO,3.0,10,1314
RIO NEGRO,4.0,10,703
RIO NEGRO,5.0,10,50
RIO NEGRO,6.0,10,290
RIO NEGRO,7.0,10,827
RIO VERDE,1.0,12,52
RIO VERDE,2.0,12,101
RIO VERDE,3.0,12,17
RIO VERDE,4.0,12,26
RIO VERDE,5.0,12,0
RIO VERDE,6.0,12,29
RIO VERDE,7.0,12,31
ROMERAL,1.0,7,1049
ROMERAL,2.0,7,2145
ROMERAL,3.0,7,1045
ROMERAL,4.0,7,896
ROMERAL,5.0,7,62
ROMERAL,6.0,7,462
ROMERAL,7.0,7,742
SAAVEDRA,1.0,9,760
SAAVEDRA,2.0,9,1581
SAAVEDRA,3.0,9,1183
SAAVEDRA,4.0,9,453
SAAVEDRA,5.0,9,106
SAAVEDRA,6.0,9,406
SAAVEDRA,7.0,9,535
SAGRADA FAMILIA,1.0,7,1303
SAGRADA FAMILIA,2.0,7,1966
SAGRADA FAMILIA,3.0,7,1466
SAGRADA FAMILIA,4.0,7,974
SAGRADA FAMILIA,5.0,7,72
SAGRADA FAMILIA,6.0,7,557
SAGRADA FAMILIA,7.0,7,992
SALAMANCA,1.0,4,2131
SALAMANCA,2.0,4,2017
SALAMANCA,3.0,4,1610
SALAMANCA,4.0,4,832
SALAMANCA,5.0,4,141
SALAMANCA,6.0,4,577
SALAMANCA,7.0,4,2512
SAN ANTONIO,1.0,5,11916
SAN ANTONIO,2.0,5,6985
SAN ANTONIO,3.0,5,5075
SAN ANTONIO,4.0,5,3454
SAN ANTONIO,5.0,5,1038
SAN ANTONIO,6.0,5,4312
SAN ANTONIO,7.0,5,5914
SAN BERNARDO,1.0,13,29945
SAN BERNARDO,2.0,13,23430
SAN BERNARDO,3.0,13,10008
SAN BERNARDO,4.0,13,10233
SAN BERNARDO,5.0,13,1675
SAN BERNARDO,6.0,13,11311
SAN BERNARDO,7.0,13,11024
SAN CARLOS,1.0,16,3136
SAN CARLOS,2.0,16,7914
SAN CARLOS,3.0,16,2542
SAN CARLOS,4.0,16,2410
SAN CARLOS,5.0,16,161
SAN CARLOS,6.0,16,943
SAN CARLOS,7.0,16,2347
SAN CLEMENTE,1.0,7,2687
SAN CLEMENTE,2.0,7,4207
SAN CLEMENTE,3.0,7,2607
SAN CLEMENTE,4.0,7,1749
SAN CLEMENTE,5.0,7,134
SAN CLEMENTE,6.0,7,1101
SAN CLEMENTE,7.0,7,2291
SAN ESTEBAN,1.0,5,1726
SAN ESTEBAN,2.0,5,1816
SAN ESTEBAN,3.0,5,1240
SAN ESTEBAN,4.0,5,1006
SAN ESTEBAN,5.0,5,93
SAN ESTEBAN,6.0,5,594
SAN ESTEBAN,7.0,5,1793
SAN FABIAN,1.0,16,394
SAN FABIAN,2.0,16,805
SAN FABIAN,3.0,16,392
SAN FABIAN,4.0,16,308
SAN FABIAN,5.0,16,14
SAN FABIAN,6.0,16,97
SAN FABIAN,7.0,16,281
SAN FELIPE,1.0,5,7691
SAN FELIPE,2.0,5,7542
SAN FELIPE,3.0,5,3280
SAN FELIPE,4.0,5,3253
SAN FELIPE,5.0,5,425
SAN FELIPE,6.0,5,2200
SAN FELIPE,7.0,5,5113
SAN FERNANDO,1.0,6,7173
SAN FERNANDO,2.0,6,8388
SAN FERNANDO,3.0,6,3836
SAN FERNANDO,4.0,6,4242
SAN FERNANDO,5.0,6,372
SAN FERNANDO,6.0,6,2137
SAN FERNANDO,7.0,6,4053
SAN GREGORIO,1.0,12,52
SAN GREGORIO,2.0,12,95
SAN GREGORIO,3.0,12,5
SAN GREGORIO,4.0,12,32
SAN GREGORIO,5.0,12,0
SAN GREGORIO,6.0,12,27
SAN GREGORIO,7.0,12,33
SAN IGNACIO,1.0,16,730
SAN IGNACIO,2.0,16,2504
SAN IGNACIO,3.0,16,906
SAN IGNACIO,4.0,16,892
SAN IGNACIO,5.0,16,59
SAN IGNACIO,6.0,16,389
SAN IGNACIO,7.0,16,619
SAN JAVIER,1.0,7,2720
SAN JAVIER,2.0,7,5319
SAN JAVIER,3.0,7,2501
SAN JAVIER,4.0,7,2086
SAN JAVIER,5.0,7,135
SAN JAVIER,6.0,7,979
SAN JAVIER,7.0,7,2139
SAN JOAQUIN,1.0,13,14987
SAN JOAQUIN,2.0,13,6971
SAN JOAQUIN,3.0,13,4406
SAN JOAQUIN,4.0,13,4379
SAN JOAQUIN,5.0,13,940
SAN JOAQUIN,6.0,13,4250
SAN JOAQUIN,7.0,13,3048
SAN JOSE DE MAIPO,1.0,13,2878
SAN JOSE DE MAIPO,2.0,13,1617
SAN JOSE DE MAIPO,3.0,13,1022
SAN JOSE DE MAIPO,4.0,13,940
SAN JOSE DE MAIPO,5.0,13,163
SAN JOSE DE MAIPO,6.0,13,771
SAN JOSE DE MAIPO,7.0,13,569
SAN JUAN DE LA COSTA,1.0,10,746
SAN JUAN DE LA COSTA,2.0,10,838
SAN JUAN DE LA COSTA,3.0,10,1228
SAN JUAN DE LA COSTA,4.0,10,328
SAN JUAN DE LA COSTA,5.0,10,66
SAN JUAN DE LA COSTA,6.0,10,231
SAN JUAN DE LA COSTA,7.0,10,518
SAN MIGUEL,1.0,13,19836
SAN MIGUEL,2.0,13,12312
SAN MIGUEL,3.0,13,5296
SAN MIGUEL,4.0,13,8226
SAN MIGUEL,5.0,13,1019
SAN MIGUEL,6.0,13,3616
SAN MIGUEL,7.0,13,2404
SAN NICOLAS,1.0,16,785
SAN NICOLAS,2.0,16,1849
SAN NICOLAS,3.0,16,906
SAN NICOLAS,4.0,16,640
SAN NICOLAS,5.0,16,47
SAN NICOLAS,6.0,16,403
SAN NICOLAS,7.0,16,691
SAN PABLO,1.0,10,757
SAN PABLO,2.0,10,1566
SAN PABLO,3.0,10,1158
SAN PABLO,4.0,10,454
SAN PABLO,5.0,10,55
SAN PABLO,6.0,10,254
SAN PABLO,7.0,10,544
SAN PEDRO,1.0,13,671
SAN PEDRO,2.0,13,1332
SAN PEDRO,3.0,13,541
SAN PEDRO,4.0,13,483
SAN PEDRO,5.0,13,34
SAN PEDRO,6.0,13,195
SAN PEDRO,7.0,13,312
SAN PEDRO DE ATACAMA,1.0,2,849
SAN PEDRO DE ATACAMA,2.0,2,453
SAN PEDRO DE ATACAMA,3.0,2,370
SAN PEDRO DE ATACAMA,4.0,2,187
SAN PEDRO DE ATACAMA,5.0,2,66
SAN PEDRO DE ATACAMA,6.0,2,215
SAN PEDRO DE ATACAMA,7.0,2,1103
SAN PEDRO DE LA PAZ,1.0,8,9865
SAN PEDRO DE LA PAZ,2.0,8,14414
SAN PEDRO DE LA PAZ,3.0,8,4764
SAN PEDRO DE LA PAZ,4.0,8,6613
SAN PEDRO DE LA PAZ,5.0,8,489
SAN PEDRO DE LA PAZ,6.0,8,2926
SAN PEDRO DE LA PAZ,7.0,8,7277
SAN RAFAEL,1.0,7,590
SAN RAFAEL,2.0,7,1183
SAN RAFAEL,3.0,7,627
SAN RAFAEL,4.0,7,548
SAN RAFAEL,5.0,7,38
SAN RAFAEL,6.0,7,369
SAN RAFAEL,7.0,7,738
SAN RAMON,1.0,13,10640
SAN RAMON,2.0,13,6373
SAN RAMON,3.0,13,4068
SAN RAMON,4.0,13,3480
SAN RAMON,5.0,13,805
SAN RAMON,6.0,13,4745
SAN RAMON,7.0,13,3607
SAN ROSENDO,1.0,8,313
SAN ROSENDO,2.0,8,510
SAN ROSENDO,3.0,8,282
SAN ROSENDO,4.0,8,134
SAN ROSENDO,5.0,8,13
SAN ROSENDO,6.0,8,204
SAN ROSENDO,7.0,8,431
SAN VICENTE,1.0,6,4515
SAN VICENTE,2.0,6,4736
SAN VICENTE,3.0,6,3166
SAN VICENTE,4.0,6,2779
SAN VICENTE,5.0,6,218
SAN VICENTE,6.0,6,1237
SAN VICENTE,7.0,6,2040
SANTA BARBARA,1.0,8,645
SANTA BARBARA,2.0,8,2082
SANTA BARBARA,3.0,8,670
SANTA BARBARA,4.0,8,583
SANTA BARBARA,5.0,8,47
SANTA BARBARA,6.0,8,225
SANTA BARBARA,7.0,8,865
SANTA CRUZ,1.0,6,3011
SANTA CRUZ,2.0,6,3759
SANTA CRUZ,3.0,6,2049
SANTA CRUZ,4.0,6,2537
SANTA CRUZ,5.0,6,130
SANTA CRUZ,6.0,6,664
SANTA CRUZ,7.0,6,1291
SANTA JUANA,1.0,8,886
SANTA JUANA,2.0,8,2155
SANTA JUANA,3.0,8,638
SANTA JUANA,4.0,8,424
SANTA JUANA,5.0,8,71
SANTA JUANA,6.0,8,341
SANTA JUANA,7.0,8,807
SANTA MARIA,1.0,5,1149
SANTA MARIA,2.0,5,1343
SANTA MARIA,3.0,5,1018
SANTA MARIA,4.0,5,770
SANTA MARIA,5.0,5,59
SANTA MARIA,6.0,5,449
SANTA MARIA,7.0,5,1141
SANTIAGO,1.0,13,53473
SANTIAGO,2.0,13,34448
SANTIAGO,3.0,13,12577
SANTIAGO,4.0,13,18641
SANTIAGO,5.0,13,3060
SANTIAGO,6.0,13,7131
SANTIAGO,7.0,13,5757
SANTO DOMINGO,1.0,5,1281
SANTO DOMINGO,2.0,5,3000
SANTO DOMINGO,3.0,5,828
SANTO DOMINGO,4.0,5,1333
SANTO DOMINGO,5.0,5,58
SANTO DOMINGO,6.0,5,395
SANTO DOMINGO,7.0,5,503
SIERRA GORDA,1.0,2,102
SIERRA GORDA,2.0,2,132
SIERRA GORDA,3.0,2,79
SIERRA GORDA,4.0,2,27
SIERRA GORDA,5.0,2,5
SIERRA GORDA,6.0,2,61
SIERRA GORDA,7.0,2,234
TALAGANTE,1.0,13,8298
TALAGANTE,2.0,13,8109
TALAGANTE,3.0,13,3668
TALAGANTE,4.0,13,3722
TALAGANTE,5.0,13,460
TALAGANTE,6.0,13,2986
TALAGANTE,7.0,13,3808
TALCA,1.0,7,22153
TALCA,2.0,7,25367
TALCA,3.0,7,11031
TALCA,4.0,7,12867
TALCA,5.0,7,929
TALCA,6.0,7,5818
TALCA,7.0,7,13421
TALCAHUANO,1.0,8,13213
TALCAHUANO,2.0,8,18990
TALCAHUANO,3.0,8,6191
TALCAHUANO,4.0,8,6103
TALCAHUANO,5.0,8,866
TALCAHUANO,6.0,8,4552
TALCAHUANO,7.0,8,13140
TALTAL,1.0,2,851
TALTAL,2.0,2,720
TALTAL,3.0,2,602
TALTAL,4.0,2,188
TALTAL,5.0,2,56
TALTAL,6.0,2,273
TALTAL,7.0,2,906
TEMUCO,1.0,9,23414
TEMUCO,2.0,9,47023
TEMUCO,3.0,9,12019
TEMUCO,4.0,9,14178
TEMUCO,5.0,9,1206
TEMUCO,6.0,9,6787
TEMUCO,7.0,9,15127
TENO,1.0,7,1684
TENO,2.0,7,3127
TENO,3.0,7,1228
TENO,4.0,7,1377
TENO,5.0,7,105
TENO,6.0,7,776
TENO,7.0,7,1440
TEODORO SCHMIDT,1.0,9,749
TEODORO SCHMIDT,2.0,9,2667
TEODORO SCHMIDT,3.0,9,911
TEODORO SCHMIDT,4.0,9,994
TEODORO SCHMIDT,5.0,9,46
TEODORO SCHMIDT,6.0,9,302
TEODORO SCHMIDT,7.0,9,656
TIERRA AMARILLA,1.0,3,849
TIERRA AMARILLA,2.0,3,737
TIERRA AMARILLA,3.0,3,1162
TIERRA AMARILLA,4.0,3,318
TIERRA AMARILLA,5.0,3,45
TIERRA AMARILLA,6.0,3,279
TIERRA AMARILLA,7.0,3,1616
TILTIL,1.0,13,1980
TILTIL,2.0,13,1741
TILTIL,3.0,13,767
TILTIL,4.0,13,897
TILTIL,5.0,13,115
TILTIL,6.0,13,643
TILTIL,7.0,13,968
TIMAUKEL,1.0,12,24
TIMAUKEL,2.0,12,71
TIMAUKEL,3.0,12,8
TIMAUKEL,4.0,12,19
TIMAUKEL,5.0,12,1
TIMAUKEL,6.0,12,23
TIMAUKEL,7.0,12,22
TIRUA,1.0,8,581
TIRUA,2.0,8,1936
TIRUA,3.0,8,483
TIRUA,4.0,8,234
TIRUA,5.0,8,57
TIRUA,6.0,8,140
TIRUA,7.0,8,322
TOCOPILLA,1.0,2,1508
TOCOPILLA,2.0,2,1189
TOCOPILLA,3.0,2,913
TOCOPILLA,4.0,2,477
TOCOPILLA,5.0,2,105
TOCOPILLA,6.0,2,651
TOCOPILLA,7.0,2,3444
TOLTEN,1.0,9,565
TOLTEN,2.0,9,1858
TOLTEN,3.0,9,631
TOLTEN,4.0,9,645
TOLTEN,5.0,9,44
TOLTEN,6.0,9,254
TOLTEN,7.0,9,460
TOME,1.0,8,4959
TOME,2.0,8,6873
TOME,3.0,8,3324
TOME,4.0,8,2073
TOME,5.0,8,251
TOME,6.0,8,1424
TOME,7.0,8,3804
TORRES DEL PAINE,1.0,12,123
TORRES DEL PAINE,2.0,12,161
TORRES DEL PAINE,3.0,12,123
TORRES DEL PAINE,4.0,12,42
TORRES DEL PAINE,5.0,12,4
TORRES DEL PAINE,6.0,12,67
TORRES DEL PAINE,7.0,12,74
TORTEL,1.0,11,67
TORTEL,2.0,11,39
TORTEL,3.0,11,35
TORTEL,4.0,11,20
TORTEL,5.0,11,8
TORTEL,6.0,11,15
TORTEL,7.0,11,14
TRAIGUEN,1.0,9,1273
TRAIGUEN,2.0,9,3830
TRAIGUEN,3.0,9,991
TRAIGUEN,4.0,9,753
TRAIGUEN,5.0,9,105
TRAIGUEN,6.0,9,431
TRAIGUEN,7.0,9,519
TREHUACO,1.0,16,398
TREHUACO,2.0,16,905
TREHUACO,3.0,16,557
TREHUACO,4.0,16,310
TREHUACO,5.0,16,20
TREHUACO,6.0,16,117
TREHUACO,7.0,16,338
TUCAPEL,1.0,8,830
TUCAPEL,2.0,8,1823
TUCAPEL,3.0,8,939
TUCAPEL,4.0,8,584
TUCAPEL,5.0,8,53
TUCAPEL,6.0,8,305
TUCAPEL,7.0,8,1148
VALDIVIA,1.0,14,21118
VALDIVIA,2.0,14,19548
VALDIVIA,3.0,14,8562
VALDIVIA,4.0,14,7412
VALDIVIA,5.0,14,1082
VALDIVIA,6.0,14,4257
VALDIVIA,7.0,14,8081
VALLENAR,1.0,3,2823
VALLENAR,2.0,3,2806
VALLENAR,3.0,3,8653
VALLENAR,4.0,3,1110
VALLENAR,5.0,3,174
VALLENAR,6.0,3,526
VALLENAR,7.0,3,3937
VALPARAISO,1.0,5,45684
VALPARAISO,2.0,5,30484
VALPARAISO,3.0,5,12931
VALPARAISO,4.0,5,12302
VALPARAISO,5.0,5,3301
VALPARAISO,6.0,5,11392
VALPARAISO,7.0,5,13507
VICHUQUEN,1.0,7,398
VICHUQUEN,2.0,7,855
VICHUQUEN,3.0,7,414
VICHUQUEN,4.0,7,757
VICHUQUEN,5.0,7,25
VICHUQUEN,6.0,7,107
VICHUQUEN,7.0,7,186
VICTORIA,1.0,9,1718
VICTORIA,2.0,9,8472
VICTORIA,3.0,9,1477
VICTORIA,4.0,9,1142
VICTORIA,5.0,9,121
VICTORIA,6.0,9,740
VICTORIA,7.0,9,1029
VICUÑA,1.0,4,2255
VICUÑA,2.0,4,1745
VICUÑA,3.0,4,1968
VICUÑA,4.0,4,822
VICUÑA,5.0,4,124
VICUÑA,6.0,4,537
VICUÑA,7.0,4,1672
VILCUN,1.0,9,1444
VILCUN,2.0,9,4473
VILCUN,3.0,9,1605
VILCUN,4.0,9,1208
VILCUN,5.0,9,100
VILCUN,6.0,9,548
VILCUN,7.0,9,1301
VILLA ALEGRE,1.0,7,964
VILLA ALEGRE,2.0,7,2056
VILLA ALEGRE,3.0,7,937
VILLA ALEGRE,4.0,7,845
VILLA ALEGRE,5.0,7,42
VILLA ALEGRE,6.0,7,396
VILLA ALEGRE,7.0,7,636
VILLA ALEMANA,1.0,5,14349
VILLA ALEMANA,2.0,5,15343
VILLA ALEMANA,3.0,5,4368
VILLA ALEMANA,4.0,5,5754
VILLA ALEMANA,5.0,5,852
VILLA ALEMANA,6.0,5,3950
VILLA ALEMANA,7.0,5,6545
VILLARRICA,1.0,9,5166
VILLARRICA,2.0,9,9997
VILLARRICA,3.0,9,2567
VILLARRICA,4.0,9,2858
VILLARRICA,5.0,9,288
VILLARRICA,6.0,9,1185
VILLARRICA,7.0,9,2724
VITACURA,1.0,13,4483
VITACURA,2.0,13,31325
VITACURA,3.0,13,3602
VITACURA,4.0,13,21019
VITACURA,5.0,13,110
VITACURA,6.0,13,402
VITACURA,7.0,13,255
VIÑA DEL MAR,1.0,5,41778
VIÑA DEL MAR,2.0,5,47235
VIÑA DEL MAR,3.0,5,13555
VIÑA DEL MAR,4.0,5,20944
VIÑA DEL MAR,5.0,5,2304
VIÑA DEL MAR,6.0,5,9971
VIÑA DEL MAR,7.0,5,13873
YERBAS BUENAS,1.0,7,934
YERBAS BUENAS,2.0,7,2247
YERBAS BUENAS,3.0,7,1072
YERBAS BUENAS,4.0,7,726
YERBAS BUENAS,5.0,7,68
YERBAS BUENAS,6.0,7,485
YERBAS BUENAS,7.0,7,742
YUMBEL,1.0,8,1381
YUMBEL,2.0,8,3275
YUMBEL,3.0,8,1242
YUMBEL,4.0,8,794
YUMBEL,5.0,8,86
YUMBEL,6.0,8,472
YUMBEL,7.0,8,1356
YUNGAY,1.0,16,1181
YUNGAY,2.0,16,1930
YUNGAY,3.0,16,1148
YUNGAY,4.0,16,681
YUNGAY,5.0,16,70
YUNGAY,6.0,16,388
YUNGAY,7.0,16,1351
ZAPALLAR,1.0,5,1069
ZAPALLAR,2.0,5,1831
ZAPALLAR,3.0,5,472
ZAPALLAR,4.0,5,1311
ZAPALLAR,5.0,5,38
ZAPALLAR,6.0,5,269
ZAPALLAR,7.0,5,430
ÑIQUEN,1.0,16,531
ÑIQUEN,2.0,16,2000
ÑIQUEN,3.0,16,632
ÑIQUEN,4.0,16,610
ÑIQUEN,5.0,16,35
ÑIQUEN,6.0,16,301
ÑIQUEN,7.0,16,518
ÑUÑOA,1.0,13,48165
ÑUÑOA,2.0,13,29426
ÑUÑOA,3.0,13,12316
ÑUÑOA,4.0,13,23111
ÑUÑOA,5.0,13,1822
ÑUÑOA,6.0,13,4561
ÑUÑOA,7.0,13,2753
